acc,f1
0.809475579563358,0.4302919145750652
0.7870808012604096,0.41381080948876897
0.7945082151699302,0.4801013470388487
0.8342336259284266,0.5625074958028908
0.8358091379698402,0.5608170231708128
