acc,f1
0.8187035786630653,0.4610303604416368
0.8075624577987845,0.4705129516676061
0.8015980193562907,0.4914383492059815
0.844249381048841,0.5688948233875892
0.8389601620526671,0.5570212518898293
