seed,lr,batch_size,acc,f1
1234,1e-5,16,0.809475579563358,0.4302919145750652
1235,1e-5,16,0.7870808012604096,0.41381080948876897
1236,1e-5,16,0.7945082151699302,0.4801013470388487
1237,1e-5,16,0.8342336259284266,0.5625074958028908
1238,1e-5,16,0.8358091379698402,0.5608170231708128
