acc,f1
0.8621426963763223,0.6160471708219327
0.8627053792482556,0.590022714927898
0.8711456223272563,0.5907390051178046
0.8690074274139095,0.5890781196073498
0.8587665991447221,0.597571065711875
