acc,f1
0.860454647760522,0.6011862857537829
0.8573036236776952,0.5982252462901684
0.8602295746117488,0.6064368196033566
0.8575286968264687,0.6096306265395326
0.8694575737114563,0.5952192191656698
