seed,lr,batch_size,acc,f1
1234,5e-5,16,0.8425613324330409,0.5618696605821739
1235,5e-5,16,0.8595543551654288,0.5879031187311935
1236,5e-5,16,0.8632680621201891,0.606762024617192
1237,5e-5,16,0.8647310375872159,0.5996523555322563
1238,5e-5,16,0.8668692325005626,0.5928780513063453
