seed,lr,batch_size,acc,f1
1234,1e-5,8,0.8187035786630653,0.4610303604416368
1235,1e-5,8,0.8075624577987845,0.4705129516676061
1236,1e-5,8,0.8015980193562907,0.4914383492059815
1237,1e-5,8,0.844249381048841,0.5688948233875892
1238,1e-5,8,0.8389601620526671,0.5570212518898293
