seed,lr,batch_size,acc,f1
1234,1e-4,8,0.8621426963763223,0.6160471708219327
1235,1e-4,8,0.8627053792482556,0.590022714927898
1236,1e-4,8,0.8711456223272563,0.5907390051178046
1237,1e-4,8,0.8690074274139095,0.5890781196073498
1238,1e-4,8,0.8587665991447221,0.597571065711875
