seed,lr,batch_size,acc,f1
1234,1e-5,8,0.6590629322243894,0.4579340750753
1235,1e-5,8,0.6667641709027392,0.4638415181331547
1236,1e-5,8,0.6528769357569683,0.4596251141584255
1237,1e-5,8,0.6727951468950667,0.47065159269571855
1238,1e-5,8,0.6735706264840399,0.47515851701233824
