acc,f1
0.6590629322243894,0.4579340750753
0.6667641709027392,0.4638415181331547
0.6528769357569683,0.4596251141584255
0.6727951468950667,0.47065159269571855
0.6735706264840399,0.47515851701233824
