acc,f1
0.6697595882400202,0.4691393478743113
0.6621153913558148,0.4666690510873869
0.6596522598779156,0.4620477248469021
0.6781499372902742,0.4675537277118496
0.6683815643866963,0.4741714725066
