acc,f1
0.6826748100491605,0.473969351535174
0.6732784514163962,0.476094094818812
0.6870535681540767,0.4791270803546344
0.6804361288733274,0.4754465591878163
0.6840567441541499,0.4836838188179349
