seed,lr,batch_size,acc,f1
1234,1e-5,16,0.6697595882400202,0.4691393478743113
1235,1e-5,16,0.6621153913558148,0.4666690510873869
1236,1e-5,16,0.6596522598779156,0.4620477248469021
1237,1e-5,16,0.6781499372902742,0.4675537277118496
1238,1e-5,16,0.6683815643866963,0.4741714725066
