seed,lr,batch_size,acc,f1
1234,5e-5,16,0.6826748100491605,0.473969351535174
1235,5e-5,16,0.6732784514163962,0.476094094818812
1236,5e-5,16,0.6870535681540767,0.4791270803546344
1237,5e-5,16,0.6804361288733274,0.4754465591878163
1238,5e-5,16,0.6840567441541499,0.4836838188179349
